[
  {
    "timestamp": "2025-11-23T18:19:36.747Z",
    "level": "info",
    "message": "管理员登录成功"
  },
  {
    "timestamp": "2025-11-23T18:21:26.791Z",
    "level": "info",
    "message": "管理员登录成功"
  },
  {
    "timestamp": "2025-11-23T18:21:38.091Z",
    "level": "info",
    "message": "正在导入 Token 账号..."
  },
  {
    "timestamp": "2025-11-23T18:21:38.099Z",
    "level": "success",
    "message": "成功导入 1 个 Token 账号"
  },
  {
    "timestamp": "2025-11-23T18:21:56.677Z",
    "level": "info",
    "message": "正在导入 Token 账号..."
  },
  {
    "timestamp": "2025-11-23T18:21:56.682Z",
    "level": "success",
    "message": "成功导入 3 个 Token 账号"
  },
  {
    "timestamp": "2025-11-23T18:22:25.627Z",
    "level": "info",
    "message": "GET /v1/models - 500 (1586ms)"
  },
  {
    "timestamp": "2025-11-23T18:22:34.014Z",
    "level": "info",
    "message": "GET /v1/models - 500 (1547ms)"
  },
  {
    "timestamp": "2025-11-23T18:22:59.449Z",
    "level": "info",
    "message": "GET /v1/models - 500 (1573ms)"
  },
  {
    "timestamp": "2025-11-23T18:27:10.420Z",
    "level": "info",
    "message": "管理员登录成功"
  },
  {
    "timestamp": "2025-11-23T18:27:34.394Z",
    "level": "warn",
    "message": "Token 账号 0 已删除"
  },
  {
    "timestamp": "2025-11-23T18:27:36.694Z",
    "level": "warn",
    "message": "Token 账号 0 已删除"
  },
  {
    "timestamp": "2025-11-23T18:27:40.117Z",
    "level": "warn",
    "message": "Token 账号 0 已删除"
  },
  {
    "timestamp": "2025-11-23T18:27:43.100Z",
    "level": "warn",
    "message": "Token 账号 0 已删除"
  },
  {
    "timestamp": "2025-11-23T18:27:45.751Z",
    "level": "info",
    "message": "GET /v1/models - 500 (1ms)"
  },
  {
    "timestamp": "2025-11-23T18:27:55.507Z",
    "level": "info",
    "message": "正在导入 Token 账号..."
  },
  {
    "timestamp": "2025-11-23T18:27:55.528Z",
    "level": "success",
    "message": "成功导入 3 个 Token 账号"
  },
  {
    "timestamp": "2025-11-23T18:28:07.956Z",
    "level": "info",
    "message": "GET /v1/models - 500 (1050ms)"
  },
  {
    "timestamp": "2025-11-23T18:30:00.908Z",
    "level": "info",
    "message": "管理员登录成功"
  },
  {
    "timestamp": "2025-11-23T18:30:07.863Z",
    "level": "info",
    "message": "GET /v1/models - 500 (1763ms)"
  },
  {
    "timestamp": "2025-11-23T18:30:20.073Z",
    "level": "info",
    "message": "GET /v1/models - 500 (1734ms)"
  },
  {
    "timestamp": "2025-11-23T18:30:22.836Z",
    "level": "info",
    "message": "GET /v1/models - 500 (1435ms)"
  },
  {
    "timestamp": "2025-11-23T18:31:49.883Z",
    "level": "info",
    "message": "管理员登录成功"
  },
  {
    "timestamp": "2025-11-23T18:31:54.177Z",
    "level": "info",
    "message": "GET /v1/models - 200 (1994ms)"
  },
  {
    "timestamp": "2025-11-23T18:32:07.526Z",
    "level": "warn",
    "message": "Token 账号 0 已删除"
  },
  {
    "timestamp": "2025-11-23T18:32:11.581Z",
    "level": "warn",
    "message": "Token 账号 0 已删除"
  },
  {
    "timestamp": "2025-11-23T18:32:14.534Z",
    "level": "warn",
    "message": "Token 账号 0 已删除"
  },
  {
    "timestamp": "2025-11-23T18:32:18.115Z",
    "level": "info",
    "message": "GET /v1/models - 500 (2ms)"
  },
  {
    "timestamp": "2025-11-23T18:32:26.767Z",
    "level": "info",
    "message": "正在导入 Token 账号..."
  },
  {
    "timestamp": "2025-11-23T18:32:26.785Z",
    "level": "success",
    "message": "成功导入 1 个 Token 账号"
  },
  {
    "timestamp": "2025-11-23T18:32:35.578Z",
    "level": "info",
    "message": "GET /v1/models - 200 (1909ms)"
  },
  {
    "timestamp": "2025-11-23T18:32:50.529Z",
    "level": "warn",
    "message": "API Key 验证失败: POST /v1/chat/completions"
  },
  {
    "timestamp": "2025-11-23T18:32:50.531Z",
    "level": "info",
    "message": "POST /v1/chat/completions - 401 (2ms)"
  },
  {
    "timestamp": "2025-11-23T18:32:56.759Z",
    "level": "success",
    "message": "密钥已生成: 未命名"
  },
  {
    "timestamp": "2025-11-23T18:33:47.891Z",
    "level": "info",
    "message": "POST /v1/chat/completions - 200 (31444ms)"
  }
]